<?xml version="1.0" encoding="utf-8"?>
<modification>
<name>Mapa Brasil</name>
<code>Mapa Brasil</code>
<version>1.0.0</version>
<author>Opencart Master</author>
<link>https://www.opencartmaster.com.br</link>

	<file path="admin/controller/extension/dashboard/map.php">
		<operation>
			<search><![CDATA[$results = $this->model_report_sale->getTotalOrdersByCountry();]]></search>
			<add position="replace"><![CDATA[$results = $this->model_report_sale->getTotalOrdersByZone();]]></add>
		</operation>
		<operation>
			<search><![CDATA[$json[strtolower($result['iso_code_2'])] = array(]]></search>
			<add position="replace"><![CDATA[$json[strtolower($result['code'])] = array(]]></add>
		</operation>
	</file>
  
    <file path="admin/model/report/sale.php">
        <operation>
			<search><![CDATA[public function getTotalOrdersByCountry() {]]></search>
			<add position="before"><![CDATA[
          public function getTotalOrdersByZone() {
          
          $query = $this->db->query("SELECT COUNT(*) AS total, SUM(o.total) AS amount, z.code FROM `" . DB_PREFIX . "order` o LEFT JOIN `" . DB_PREFIX . "zone` z ON (o.payment_zone_id = z.zone_id) WHERE o.order_status_id > '0' GROUP BY o.payment_zone_id");

          return $query->rows;
        }
      ]]></add>
	    </operation>
	</file>
  
  <file path="admin/view/template/extension/dashboard/map_info.twig">
        <operation>
			<search><![CDATA[<script type="text/javascript" src="view/javascript/jquery/jqvmap/maps/jquery.vmap.world.js"></script> ]]></search>
			<add position="replace"><![CDATA[<script type="text/javascript" src="view/javascript/jquery/jqvmap/jquery.vmap.brazil.js"></script>]]></add>
		</operation>
	   
	   <operation>
			<search><![CDATA[map: 'world_en',]]></search>
			<add position="replace"><![CDATA[map: 'brazil_br',]]></add>
	   </operation>
	   <operation>
			<search><![CDATA[color: '#9FD5F1',]]></search>
			<add position="replace"><![CDATA[color: '#C0E0BB',]]></add>
	   </operation>
	</file>
</modification>