<modification>
    <name>d_ajax_filter</name>
    <code>d_ajax_filter</code>
    <version>1.1.6</version>
    <author>Dreamvention.com</author>
    <file path="catalog/model/catalog/product.php">
        <operation>
            <search><![CDATA[$query = $this->db->query($sql);]]></search>
            <add position="before">
                <![CDATA[
                if(in_array(__FUNCTION__, array('getProductSpecials'))){
                    $data['filter_special'] = true;
                }
                if(in_array(__FUNCTION__, array('getProducts', 'getProductSpecials'))){
                    //d_ajax_filter
                    $this->load->model('extension/module/d_ajax_filter');
                    $sql = $this->model_extension_module_d_ajax_filter->prepareAjaxFilter($data, $sql);
                    //d_ajax_filter
                }
                if(in_array(__FUNCTION__, array('getTotalProducts'))){
                    //d_ajax_filter
                    $this->load->model('extension/module/d_ajax_filter');
                    $sql = $this->model_extension_module_d_ajax_filter->prepareAjaxFilterForTotal($data, $sql);
                    //d_ajax_filter
                }
                ]]>
            </add>
        </operation>
        <operation>
            <search><![CDATA[$query = $this->db->query("SELECT COUNT(DISTINCT ps.product_id) AS total FROM " . DB_PREFIX . "product_special ps LEFT JOIN " . DB_PREFIX . "product p ON (ps.product_id = p.product_id) LEFT JOIN " . DB_PREFIX . "product_to_store p2s ON (p.product_id = p2s.product_id) WHERE p.status = '1' AND p.date_available <= NOW() AND p2s.store_id = '" . (int)$this->config->get('config_store_id') . "' AND ps.customer_group_id = '" . (int)$this->config->get('config_customer_group_id') . "' AND ((ps.date_start = '0000-00-00' OR ps.date_start < NOW()) AND (ps.date_end = '0000-00-00' OR ps.date_end > NOW()))");]]></search>
            <add position="replace">
                <![CDATA[
                $sql = "SELECT COUNT(DISTINCT ps.product_id) AS total FROM " . DB_PREFIX . "product_special ps LEFT JOIN " . DB_PREFIX . "product p ON (ps.product_id = p.product_id) LEFT JOIN " . DB_PREFIX . "product_to_store p2s ON (p.product_id = p2s.product_id) WHERE p.status = '1' AND p.date_available <= NOW() AND p2s.store_id = '" . (int)$this->config->get('config_store_id') . "' AND ps.customer_group_id = '" . (int)$this->config->get('config_customer_group_id') . "' AND ((ps.date_start = '0000-00-00' OR ps.date_start < NOW()) AND (ps.date_end = '0000-00-00' OR ps.date_end > NOW()))";
                //d_ajax_filter
                    $this->load->model('extension/module/d_ajax_filter');
                    $sql = $this->model_extension_module_d_ajax_filter->prepareAjaxFilterForTotal(array('filter_special' => true), $sql);
                    //d_ajax_filter

                $query = $this->db->query($sql);
]]>
            </add>
        </operation>
    </file>
    <file path="catalog/model/catalog/isearch.php">
        <operation>
            <search><![CDATA[$sql .= ' GROUP BY pd.product_id';]]></search>
            <add position="before">
                <![CDATA[
                //d_ajax_filter
                $this->load->model('extension/module/d_ajax_filter');
                $sql = $this->model_extension_module_d_ajax_filter->prepareAjaxFilter(array('filter_name' => $keywords, 'filter_description' => '1'), $sql);
                //d_ajax_filter
                ]]>
            </add>
        </operation>
    </file>
</modification>