<?xml version="1.0" encoding="utf-8"?>
<modification>
	<code>categoryimage</code>
	<name>Sub Category Thumbnails</name>
	<version>3.0</version>
	<author>Saqib Ashraf,iExtendLabs.com</author>
	<link>https://iExtendLabs.com</link>

<file path="catalog/controller/product/category.php">
	<operation>
		<search index="0"><![CDATA[
			foreach ($results as $result) {
		]]></search>
			<add position="after"><![CDATA[
				if ($result['image']) {
$image = $this->model_tool_image->resize($result['image'], $this->config->get('theme_' . $this->config->get('config_theme') . '_image_product_width'), $this->config->get('theme_' . $this->config->get('config_theme') . '_image_product_height'));
} else {
$image = $this->model_tool_image->resize('placeholder.png',  $this->config->get('theme_' . $this->config->get('config_theme') . '_image_product_width'), $this->config->get('theme_' . $this->config->get('config_theme') . '_image_product_height'));
}
		]]></add>
	</operation>
	<operation>
		<search><![CDATA[
			$data['categories'][] = array(
		]]></search>
			<add position="after"><![CDATA[
				'thumb' => $image,

		]]></add>
	</operation>
</file>
<file path="catalog/view/theme/default/template/product/category.twig">
	<operation>
		<search><![CDATA[
			{% if categories %}
		]]></search>
			<add position="replace"><![CDATA[
			{% if categories %}
			  <h3>{{ text_refine }}</h3>
	      
	      <div class="row">
	            {% for category in categories %}
	           
                {% if category.thumb %}
	               
	                <div class="col-sm-2">
					
					<a href="{{ category.href }}">
					
					<img src="{{ category.thumb }}" class="img-thumbnail" />
	                {% endif %}
                {{ category.name }}
				</a></div>
	           {% endfor %}
	        
	      </div>
	          {% endif %}
			  {% if 1==0 %}
			
		]]></add>
	</operation>

</file>
</modification>
