<?xml version="1.0" encoding="utf-8"?>
<modification>
	<name>Pavo Layered Navigation</name>
	<code>pavlayerednavigation</code>
	<version>1.0.0</version>
	<author>pavothemes</author>
	<link>http://www.pavothemes.com</link>

    <file path="catalog/model/catalog/product.php">
        <operation>
            <search><![CDATA[if (!empty($data['filter_manufacturer_id'])) {]]></search>
            <add position="before">
                <![CDATA[
        /* Price range */
        if  (!empty($data['filter_price'])) {
            $min_price = $data['filter_price']['min_price'];
            $max_price = $data['filter_price']['max_price'];
            $sql_filter_special = "(SELECT price FROM " . DB_PREFIX . "product_special ps WHERE ps.product_id = p.product_id AND ps.customer_group_id = '" . (int)$this->config->get('config_customer_group_id') . "' AND ((ps.date_start = '0000-00-00' OR ps.date_start < NOW()) AND (ps.date_end = '0000-00-00' OR ps.date_end > NOW())) ORDER BY ps.priority ASC, ps.price ASC LIMIT 1)";
            $sql_sl_discount = "(SELECT price FROM " . DB_PREFIX . "product_discount pd2 WHERE pd2.product_id = p.product_id AND pd2.customer_group_id = '" . (int)$this->config->get('config_customer_group_id') . "' AND pd2.quantity = '1' AND ((pd2.date_start = '0000-00-00' OR pd2.date_start < NOW()) AND (pd2.date_end = '0000-00-00' OR pd2.date_end > NOW())) ORDER BY pd2.priority ASC, pd2.price ASC LIMIT 1)";
            $sql .= " AND (CASE WHEN " . $sql_filter_special . " IS NOT NULL THEN " . $sql_filter_special . " WHEN " . $sql_sl_discount . " IS NOT NULL THEN ". $sql_sl_discount . " ELSE p.price END) >='". $min_price ."'" ;
            $sql .= " AND (CASE WHEN " . $sql_filter_special . " IS NOT NULL THEN " . $sql_filter_special . " WHEN " . $sql_sl_discount . " IS NOT NULL THEN ". $sql_sl_discount . " ELSE p.price END) <='". $max_price ."'";
        }
        /* End */
        if (!empty($data['filter_manufacturers']) && is_array($data['filter_manufacturers']) ) {
            $sql .= " AND p.manufacturer_id IN (" . implode(",", $data['filter_manufacturers']) . ")";
        }
      
                ]]>
            </add>
        </operation>
    </file>
    <file path="catalog/controller/product/category.php">
        <operation>
            <search><![CDATA[$product_total = $this->model_catalog_product->getTotalProducts($filter_data);]]></search>
            <add position="before">
                <![CDATA[   
                
                    $filter_price = array();
                    $rate = (float) $this->currency->getValue($this->session->data['currency']);
                    if (isset($this->request->get['price'])) {
                        $price_data = explode(',', $this->request->get['price'] );
                        if( count($price_data) == 2  ){
                            $filter_price['min_price'] = ceil($price_data[0] / $rate - 1);
                            $filter_price['max_price'] = round($price_data[1] / $rate);
                        }
            
                    }   
                    $manufacturers = array();
                    if( isset($this->request->get['manufacturer']) && $this->request->get['manufacturer'] ){
         
                        $manufacturers = explode( ",", $this->request->get['manufacturer'] );
                        foreach ($manufacturers as $key => $value) {
                            $manufacturers[$key] = (int)$value;
                        }
                    }
                    $filter_data['filter_price'] = $filter_price;
                    $filter_data['filter_manufacturers'] = $manufacturers;
                ]]>
            </add>    
        </operation>  
    </file>
        
    <file path="catalog/view/theme/*/template/product/category.twig">
        <operation>
            <search><![CDATA[{% if products %}]]></search>
            <add position="before">
                <![CDATA[
                <div class="products-collection">
            ]]>
            </add>
        </operation>  
         <operation>
            <search><![CDATA[ {% if not categories and not products %}]]></search>
            <add position="before">
                <![CDATA[
               </div>
            ]]>
            </add>
        </operation>    
    </file>
</modification>